model_name,prompt_type,method,n_cases,accuracy,precision,recall,f1_score,yes_pct,base_rate,brd,tp,tn,fp,fn
gpt-4.1-mini,system1,SC-K=59,100,0.78,0.5,0.4090909090909091,0.45,0.18,0.22,0.04000000000000001,9,69,9,13
gpt-4o-mini,system1,SC-K=59,100,0.82,0.6,0.5454545454545454,0.5714285714285713,0.2,0.22,0.01999999999999999,12,70,8,10
