model_name,prompt_type,method,n_cases,accuracy,precision,recall,f1_score,yes_pct,base_rate,brd,tp,tn,fp,fn
gemini/gemini-2.5-flash,system1,SC-K=2,100,0.52,0.4268292682926829,0.9722222222222222,0.5932203389830508,0.82,0.36,0.45999999999999996,35,17,47,1
gpt-4.1-mini,system1,SC-K=59,100,0.56,0.44594594594594594,0.9166666666666666,0.6,0.74,0.36,0.38,33,23,41,3
gpt-4o-mini,system1,SC-K=59,100,0.47,0.4,0.9444444444444444,0.5619834710743801,0.85,0.36,0.49,34,13,51,2
xai/grok-4-1-fast-non-reasoning-latest,system1,SC-K=59,100,0.48,0.4090909090909091,1.0,0.5806451612903226,0.88,0.36,0.52,36,12,52,0
