model_name,prompt_type,total_cases,valid_responses,success_rate,accuracy,precision,recall,f1_score,true_positive,true_negative,false_positive,false_negative,avg_confidence,avg_response_time,avg_tokens
openai/gpt-4o-mini,cot,30,30,1.0,0.9,0.8235294117647058,1.0,0.9032258064516129,14,13,3,0,74.66666666666667,5.10643146832784,501.2
openai/gpt-4o-mini,cot-nshot,30,30,1.0,0.8666666666666667,0.9166666666666666,0.7857142857142857,0.8461538461538461,11,15,1,3,76.16666666666667,5.33901568253835,2457.766666666667
openai/gpt-4o-mini,system1,30,30,1.0,0.8333333333333334,0.8,0.8571428571428571,0.8275862068965518,12,13,3,2,79.0,0.7759390195210775,166.83333333333334
